cpf,nome,empresa,salario,data_admissao,data_desligamento,status
73278641728,Ana Almeida Cardoso,Vertex Logística,16200.0,2023-12-27,,admitido
34264099250,Ana Barbosa Klein,Vertex Logística,11880.0,2024-02-11,,admitido
96180192766,Ana Ribeiro Santos,Vertex Logística,7640.0,2021-12-08,,admitido
94393545850,Beatriz Duarte Duarte,Vertex Logística,4380.0,2018-12-26,,admitido
59579724792,Beatriz Vieira Barbosa,Vertex Logística,10300.0,2026-03-07,,admitido
93754145584,Caio Oliveira Klein,Vertex Logística,6180.0,2025-04-04,,admitido
14235297902,Camila Klein Esteves,Vertex Logística,3060.0,2022-02-16,,admitido
77382795675,Camila Machado Zanetti,Vertex Logística,3880.0,2019-07-06,,admitido
46890681355,Eduarda Zanetti Ribeiro,Vertex Logística,9920.0,2020-11-16,,admitido
94409105507,Emerson Cardoso Teixeira,Vertex Logística,10980.0,2020-09-21,,admitido
11722242779,Emerson Lima Zanetti,Vertex Logística,9980.0,2025-03-25,,admitido
86725471951,Emerson Oliveira Gomes,Vertex Logística,5150.0,2023-12-16,,admitido
71344962440,Fabiana Cardoso Gomes,Vertex Logística,14100.0,2026-06-10,,admitido
52233099605,Fabiana Rocha Duarte,Vertex Logística,9780.0,2025-09-17,,admitido
75136133708,Fabiana Santos Ferreira,Vertex Logística,13280.0,2019-08-02,,admitido
80362368937,Helena Pacheco Ferreira,Vertex Logística,12960.0,2023-04-27,,admitido
35034302969,Henrique Fonseca Gomes,Vertex Logística,6600.0,2018-05-16,,admitido
21330705327,Igor Rocha Jardim,Vertex Logística,12510.0,2020-08-18,,admitido
43851123042,Isabela Barbosa Xavier,Vertex Logística,3310.0,2022-09-21,,admitido
47293918372,Isabela Oliveira Fonseca,Vertex Logística,9700.0,2019-02-01,,admitido
38480507063,Isabela Vieira Fonseca,Vertex Logística,12820.0,2022-04-23,,admitido
81787356019,Joao Lima Correia,Vertex Logística,13170.0,2019-09-22,,admitido
48509881723,Joao Vieira Fonseca,Vertex Logística,14710.0,2020-01-12,,admitido
17170239671,Juliana Esteves Duarte,Vertex Logística,4860.0,2026-06-06,,admitido
81737417430,Karina Vieira Klein,Vertex Logística,13940.0,2020-07-14,,admitido
10055891438,Karina Xavier Xavier,Vertex Logística,6000.0,2019-03-04,,admitido
93368501992,Kleber Machado Vieira,Vertex Logística,7430.0,2023-04-19,,admitido
19890268426,Larissa Duarte Gomes,Vertex Logística,3690.0,2020-03-16,,admitido
11685614698,Larissa Duarte Vieira,Vertex Logística,7540.0,2026-05-08,,admitido
21452086150,Larissa Xavier Ibrahim,Vertex Logística,3460.0,2024-04-16,,admitido
19024240425,Lucas Machado Cardoso,Vertex Logística,10100.0,2026-02-04,,admitido
59658943926,Marcelo Moreira Barbosa,Vertex Logística,5350.0,2025-10-23,,admitido
61945868341,Mariana Duarte Rocha,Vertex Logística,13490.0,2025-03-11,,admitido
31340876426,Mariana Vieira Klein,Vertex Logística,8630.0,2025-11-21,,admitido
13927996432,Nathan Nogueira Duarte,Vertex Logística,6310.0,2018-09-19,,admitido
66401372168,Nathan Pacheco Xavier,Vertex Logística,13710.0,2021-12-26,,admitido
72710485613,Nicole Queiroz Machado,Vertex Logística,3260.0,2023-10-21,,admitido
22724828054,Otavio Correia Ibrahim,Vertex Logística,5470.0,2021-12-03,,admitido
56352934846,Otavio Teixeira Duarte,Vertex Logística,15430.0,2024-08-18,,admitido
91992558981,Patricia Gomes Lima,Vertex Logística,11130.0,2023-10-08,,admitido
46051244620,Pedro Zanetti Almeida,Vertex Logística,3990.0,2020-01-10,,admitido
82321976411,Quezia Nogueira Oliveira,Vertex Logística,3120.0,2018-06-26,,admitido
96365951353,Quezia Teixeira Xavier,Vertex Logística,4060.0,2026-06-10,,admitido
76496460680,Rafael Rocha Nogueira,Vertex Logística,12750.0,2024-09-22,,admitido
11024940896,Renato Oliveira Pacheco,Vertex Logística,3120.0,2020-12-07,,admitido
19040929939,Simone Barbosa Ribeiro,Vertex Logística,4870.0,2020-03-14,,admitido
53752881330,Simone Henriques Xavier,Vertex Logística,13890.0,2021-08-14,,admitido
74155569507,Sofia Henriques Cardoso,Vertex Logística,14020.0,2025-04-14,,admitido
18930832849,Sofia Ibrahim Pacheco,Vertex Logística,7900.0,2024-06-17,,admitido
56141241107,Tatiana Barbosa Gomes,Vertex Logística,13340.0,2019-10-04,,admitido
89532731296,Ulisses Fonseca Oliveira,Vertex Logística,7040.0,2025-07-09,,admitido
33025886072,Ursula Gomes Fonseca,Vertex Logística,8030.0,2024-05-09,,admitido
64917211085,Vanessa Queiroz Gomes,Vertex Logística,5400.0,2022-03-21,,admitido
46007759962,Vanessa Santos Duarte,Vertex Logística,13330.0,2024-08-13,,admitido
98993036829,Vanessa Zanetti Esteves,Vertex Logística,16730.0,2024-07-14,,admitido
25125812412,Vitor Queiroz Duarte,Vertex Logística,9480.0,2018-08-25,,admitido
96169505761,Vitor Teixeira Pacheco,Vertex Logística,7840.0,2021-11-14,,admitido
26917628743,Willian Xavier Henriques,Vertex Logística,16460.0,2018-08-07,,admitido
