cpf,nome,empresa,salario,data_admissao,data_desligamento,status
23533086518,Ana Correia Jardim,Aurora Clínicas,15480.00,2022-11-17,,admitido
20468582045,Ana Jardim Bastos,Aurora Clínicas,9630.00,2021-04-11,,admitido
43083701160,Beatriz Nogueira Ribeiro,Aurora Clínicas,9550.00,2019-04-15,2026-08-21,desligado
78452720190,Bruno Xavier Xavier,Aurora Clínicas,9920.00,2019-06-18,,admitido
27309892186,Caio Machado Barbosa,Aurora Clínicas,12740.00,2021-07-22,,admitido
48835268796,Caio Teixeira Almeida,Aurora Clínicas,4590.00,2023-03-01,,admitido
67089625192,Camila Klein Barbosa,Aurora Clínicas,14380.00,2023-07-25,,admitido
74563414514,Daniela Klein Gomes,Aurora Clínicas,3560.00,2022-05-09,,admitido
54750993590,Diego Gomes Fonseca,Aurora Clínicas,4120.00,2023-03-06,,admitido
84592699068,Eduarda Barbosa Moreira,Aurora Clínicas,15140.00,2026-02-19,,admitido
33531338609,Emerson Oliveira Henriques,Aurora Clínicas,11530.00,2019-05-23,,admitido
98922506563,Fabiana Almeida Queiroz,Aurora Clínicas,10780.00,2018-05-06,,admitido
37359493390,Henrique Queiroz Queiroz,Aurora Clínicas,4500.00,2021-09-23,,admitido
64689486654,Joao Barbosa Zanetti,Aurora Clínicas,13900.00,2022-01-16,,admitido
21199446360,Juliana Fonseca Pacheco,Aurora Clínicas,10890.00,2023-02-18,,admitido
66391599106,Kleber Almeida Zanetti,Aurora Clínicas,14370.00,2018-02-23,,admitido
49093777270,Kleber Oliveira Nogueira,Aurora Clínicas,3470.00,2022-01-06,,admitido
71817549634,Larissa Duarte Queiroz,Aurora Clínicas,8200.00,2024-07-26,,admitido
17179666831,Lucas Duarte Rocha,Aurora Clínicas,8740.00,2024-11-18,,admitido
26535501809,Marcelo Esteves Zanetti,Aurora Clínicas,15780.00,2024-07-21,,admitido
26686384887,Marcelo Oliveira Moreira,Aurora Clínicas,13230.00,2022-03-06,,admitido
39192691102,Mariana Gomes Xavier,Aurora Clínicas,10500.00,2021-12-04,,admitido
62319819169,Mariana Queiroz Correia,Aurora Clínicas,8310.00,2018-10-09,,admitido
71328020207,Nathan Jardim Zanetti,Aurora Clínicas,9560.00,2024-10-21,,admitido
92267693542,Olivia Xavier Jardim,Aurora Clínicas,4520.00,2019-10-11,,admitido
64411419068,Otavio Teixeira Machado,Aurora Clínicas,9610.00,2018-09-27,,admitido
31465554416,Patricia Queiroz Duarte,Aurora Clínicas,6590.00,2024-09-23,,admitido
86457095461,Renato Teixeira Cardoso,Aurora Clínicas,7330.00,2020-09-12,,admitido
55166153723,Simone Fonseca Duarte,Aurora Clínicas,8000.00,2018-06-13,2026-08-27,desligado
30508089344,Simone Pacheco Ferreira,Aurora Clínicas,12070.00,2022-09-25,,admitido
48718778410,Tatiana Nogueira Xavier,Aurora Clínicas,5230.00,2026-06-08,,admitido
11786590549,Ulisses Cardoso Cardoso,Aurora Clínicas,13500.00,2021-02-13,,admitido
97330735477,Vitor Zanetti Duarte,Aurora Clínicas,13060.00,2021-02-25,,admitido
45484278724,Wesley Santos Xavier,Aurora Clínicas,14760.00,2022-12-08,,admitido
40767206363,Willian Santos Zanetti,Aurora Clínicas,15920.00,2026-06-21,,admitido
69913613485,Ana Santos Zanetti,Sopro Alimentos,8290.00,2018-05-06,,admitido
69604568604,Bruno Zanetti Xavier,Sopro Alimentos,7790.00,2020-01-28,,admitido
59143337686,Camila Vieira Rocha,Sopro Alimentos,3100.00,2022-04-21,,admitido
31237190576,Eduarda Xavier Gomes,Sopro Alimentos,11380.00,2024-10-13,,admitido
77011025235,Emerson Fonseca Moreira,Sopro Alimentos,8080.00,2019-12-08,,admitido
99814053104,Emerson Henriques Pacheco,Sopro Alimentos,10420.00,2026-06-08,,admitido
82465523686,Emerson Oliveira Vieira,Sopro Alimentos,6690.00,2026-05-09,,admitido
37520506401,Fabiana Gomes Moreira,Sopro Alimentos,10690.00,2022-06-27,,admitido
62087750351,Fabiana Moreira Rocha,Sopro Alimentos,13960.00,2024-03-17,,admitido
81843524848,Felipe Cardoso Klein,Sopro Alimentos,12620.00,2024-04-03,,admitido
10458666106,Gabriela Cardoso Santos,Sopro Alimentos,5070.00,2026-06-01,,admitido
29327299779,Gustavo Almeida Pacheco,Sopro Alimentos,7220.00,2018-12-20,,admitido
85601302928,Gustavo Gomes Zanetti,Sopro Alimentos,6690.00,2019-10-10,,admitido
72883367949,Helena Xavier Lima,Sopro Alimentos,8700.00,2023-10-15,,admitido
39886322608,Henrique Gomes Teixeira,Sopro Alimentos,12420.00,2025-04-26,,admitido
63842767714,Henrique Henriques Jardim,Sopro Alimentos,11510.00,2023-07-13,,admitido
88116658417,Henrique Ibrahim Teixeira,Sopro Alimentos,10620.00,2024-08-20,,admitido
37890873271,Isabela Henriques Jardim,Sopro Alimentos,2780.00,2026-02-04,,admitido
72257248600,Isabela Klein Pacheco,Sopro Alimentos,9770.00,2022-11-16,,admitido
39655313522,Joao Nogueira Oliveira,Sopro Alimentos,5470.00,2018-09-11,,admitido
58936101056,Karina Esteves Henriques,Sopro Alimentos,6450.00,2021-12-08,,admitido
30039731260,Karina Gomes Jardim,Sopro Alimentos,8730.00,2024-06-13,,admitido
69448889631,Karina Klein Teixeira,Sopro Alimentos,9530.00,2020-03-18,,admitido
09486660212,Karina Ribeiro Bastos,Sopro Alimentos,7810.00,2022-01-14,,admitido
93128261903,Karina Rocha Bastos,Sopro Alimentos,10050.00,2018-05-07,,admitido
32322707198,Marcelo Ibrahim Machado,Sopro Alimentos,7040.00,2023-03-19,,admitido
69754253021,Mariana Cardoso Esteves,Sopro Alimentos,7250.00,2018-08-02,,admitido
14659947858,Mariana Gomes Nogueira,Sopro Alimentos,8870.00,2018-02-14,,admitido
66848926213,Mariana Oliveira Oliveira,Sopro Alimentos,7690.00,2024-05-24,,admitido
60503987638,Nathan Correia Gomes,Sopro Alimentos,5760.00,2023-03-13,,admitido
87563124314,Pedro Henriques Santos,Sopro Alimentos,13310.00,2026-06-18,,admitido
40099198924,Rafael Cardoso Klein,Sopro Alimentos,8580.00,2018-01-17,,admitido
34011842532,Rafael Queiroz Bastos,Sopro Alimentos,13510.00,2023-05-28,,admitido
41926692349,Rafael Zanetti Vieira,Sopro Alimentos,9850.00,2020-07-13,,admitido
37460188549,Simone Bastos Santos,Sopro Alimentos,10110.00,2023-05-09,,admitido
11397026456,Sofia Esteves Oliveira,Sopro Alimentos,4200.00,2025-01-05,,admitido
34725931802,Ulisses Pacheco Jardim,Sopro Alimentos,8540.00,2020-04-26,,admitido
87405747680,Ursula Ferreira Queiroz,Sopro Alimentos,6210.00,2018-10-03,,admitido
11333654693,Vitor Machado Cardoso,Sopro Alimentos,4910.00,2023-02-19,,admitido
18248332101,Willian Ibrahim Ferreira,Sopro Alimentos,5090.00,2025-04-18,,admitido
73278641728,Ana Almeida Cardoso,Vertex Logística,16200.00,2023-12-27,,admitido
34264099250,Ana Barbosa Klein,Vertex Logística,11880.00,2024-02-11,,admitido
97129619589,Ana Klein Oliveira,Vertex Logística,6150.00,2023-06-01,2026-07-18,desligado
96180192766,Ana Ribeiro Santos,Vertex Logística,7640.00,2021-12-08,,admitido
94393545850,Beatriz Duarte Duarte,Vertex Logística,4380.00,2018-12-26,,admitido
59579724792,Beatriz Vieira Barbosa,Vertex Logística,10300.00,2026-03-07,,admitido
93754145584,Caio Oliveira Klein,Vertex Logística,6180.00,2025-04-04,,admitido
14235297902,Camila Klein Esteves,Vertex Logística,3060.00,2022-02-16,,admitido
77382795675,Camila Machado Zanetti,Vertex Logística,3880.00,2019-07-06,,admitido
46890681355,Eduarda Zanetti Ribeiro,Vertex Logística,9920.00,2020-11-16,,admitido
94409105507,Emerson Cardoso Teixeira,Vertex Logística,10980.00,2020-09-21,,admitido
11722242779,Emerson Lima Zanetti,Vertex Logística,9980.00,2025-03-25,,admitido
86725471951,Emerson Oliveira Gomes,Vertex Logística,5150.00,2023-12-16,,admitido
71344962440,Fabiana Cardoso Gomes,Vertex Logística,14100.00,2026-06-10,,admitido
52233099605,Fabiana Rocha Duarte,Vertex Logística,9780.00,2025-09-17,,admitido
75136133708,Fabiana Santos Ferreira,Vertex Logística,13280.00,2019-08-02,,admitido
80362368937,Helena Pacheco Ferreira,Vertex Logística,12960.00,2023-04-27,,admitido
35034302969,Henrique Fonseca Gomes,Vertex Logística,6600.00,2018-05-16,,admitido
21330705327,Igor Rocha Jardim,Vertex Logística,12510.00,2020-08-18,,admitido
43851123042,Isabela Barbosa Xavier,Vertex Logística,3310.00,2022-09-21,,admitido
47293918372,Isabela Oliveira Fonseca,Vertex Logística,9700.00,2019-02-01,,admitido
38480507063,Isabela Vieira Fonseca,Vertex Logística,12820.00,2022-04-23,,admitido
81787356019,Joao Lima Correia,Vertex Logística,13170.00,2019-09-22,,admitido
48509881723,Joao Vieira Fonseca,Vertex Logística,14710.00,2020-01-12,,admitido
17170239671,Juliana Esteves Duarte,Vertex Logística,4860.00,2026-06-06,,admitido
81737417430,Karina Vieira Klein,Vertex Logística,13940.00,2020-07-14,,admitido
10055891438,Karina Xavier Xavier,Vertex Logística,6000.00,2019-03-04,,admitido
93368501992,Kleber Machado Vieira,Vertex Logística,7430.00,2023-04-19,,admitido
19890268426,Larissa Duarte Gomes,Vertex Logística,3690.00,2020-03-16,,admitido
11685614698,Larissa Duarte Vieira,Vertex Logística,7540.00,2026-05-08,,admitido
21452086150,Larissa Xavier Ibrahim,Vertex Logística,3460.00,2024-04-16,,admitido
19024240425,Lucas Machado Cardoso,Vertex Logística,10100.00,2026-02-04,,admitido
59658943926,Marcelo Moreira Barbosa,Vertex Logística,5350.00,2025-10-23,,admitido
61945868341,Mariana Duarte Rocha,Vertex Logística,13490.00,2025-03-11,,admitido
31340876426,Mariana Vieira Klein,Vertex Logística,8630.00,2025-11-21,,admitido
13927996432,Nathan Nogueira Duarte,Vertex Logística,6310.00,2018-09-19,,admitido
66401372168,Nathan Pacheco Xavier,Vertex Logística,13710.00,2021-12-26,,admitido
72710485613,Nicole Queiroz Machado,Vertex Logística,3260.00,2023-10-21,,admitido
22724828054,Otavio Correia Ibrahim,Vertex Logística,5470.00,2021-12-03,,admitido
56352934846,Otavio Teixeira Duarte,Vertex Logística,15430.00,2024-08-18,,admitido
91992558981,Patricia Gomes Lima,Vertex Logística,11130.00,2023-10-08,,admitido
46051244620,Pedro Zanetti Almeida,Vertex Logística,3990.00,2020-01-10,,admitido
82321976411,Quezia Nogueira Oliveira,Vertex Logística,3120.00,2018-06-26,,admitido
96365951353,Quezia Teixeira Xavier,Vertex Logística,4060.00,2026-06-10,,admitido
76496460680,Rafael Rocha Nogueira,Vertex Logística,12750.00,2024-09-22,,admitido
11024940896,Renato Oliveira Pacheco,Vertex Logística,3120.00,2020-12-07,,admitido
19040929939,Simone Barbosa Ribeiro,Vertex Logística,4870.00,2020-03-14,,admitido
53752881330,Simone Henriques Xavier,Vertex Logística,13890.00,2021-08-14,,admitido
74155569507,Sofia Henriques Cardoso,Vertex Logística,14020.00,2025-04-14,,admitido
18930832849,Sofia Ibrahim Pacheco,Vertex Logística,7900.00,2024-06-17,,admitido
56141241107,Tatiana Barbosa Gomes,Vertex Logística,13340.00,2019-10-04,,admitido
28967789262,Thiago Queiroz Oliveira,Vertex Logística,9420.00,2024-05-04,2026-07-29,desligado
89532731296,Ulisses Fonseca Oliveira,Vertex Logística,7040.00,2025-07-09,,admitido
33025886072,Ursula Gomes Fonseca,Vertex Logística,8030.00,2024-05-09,,admitido
64917211085,Vanessa Queiroz Gomes,Vertex Logística,5400.00,2022-03-21,,admitido
46007759962,Vanessa Santos Duarte,Vertex Logística,13330.00,2024-08-13,,admitido
98993036829,Vanessa Zanetti Esteves,Vertex Logística,16730.00,2024-07-14,,admitido
25125812412,Vitor Queiroz Duarte,Vertex Logística,9480.00,2018-08-25,,admitido
96169505761,Vitor Teixeira Pacheco,Vertex Logística,7840.00,2021-11-14,,admitido
26917628743,Willian Xavier Henriques,Vertex Logística,16460.00,2018-08-07,,admitido
