cpf,salario,nome,contribuicao_colaborador_agosto,empresa,contribuicao_colaborador_extrato,contrapartida_empresa,total_linha,diferenca_contribuicao
73278641728,16200.0,Ana Almeida Cardoso,1002.78,Vertex Logística,1002.78,501.39,1504.17,0.0
34264099250,11880.0,Ana Barbosa Klein,1051.38,Vertex Logística,1051.38,525.69,1577.07,0.0
96180192766,7640.0,Ana Ribeiro Santos,236.08,Vertex Logística,236.08,118.04,354.12,0.0
94393545850,4380.0,Beatriz Duarte Duarte,144.54,Vertex Logística,144.54,72.27,216.81,0.0
59579724792,10300.0,Beatriz Vieira Barbosa,813.7,Vertex Logística,813.7,406.85,1220.55,0.0
93754145584,6180.0,Caio Oliveira Klein,480.81,Vertex Logística,480.81,240.41,721.22,0.0
14235297902,3060.0,Camila Klein Esteves,141.68,Vertex Logística,391.68,183.6,575.28,-250.0
77382795675,3880.0,Camila Machado Zanetti,214.18,Vertex Logística,214.18,107.09,321.27,0.0
46890681355,9920.0,Eduarda Zanetti Ribeiro,622.98,Vertex Logística,622.98,311.49,934.47,0.0
94409105507,10980.0,Emerson Cardoso Teixeira,559.98,Vertex Logística,559.98,279.99,839.97,0.0
11722242779,9980.0,Emerson Lima Zanetti,859.28,Vertex Logística,859.28,429.64,1288.92,0.0
86725471951,5150.0,Emerson Oliveira Gomes,201.37,Vertex Logística,201.37,100.69,302.06,0.0
71344962440,14100.0,Fabiana Cardoso Gomes,1250.67,Vertex Logística,1250.67,625.34,1876.01,0.0
52233099605,9780.0,Fabiana Rocha Duarte,342.3,Vertex Logística,432.3,216.15,648.45,-90.0
75136133708,13280.0,Fabiana Santos Ferreira,572.37,Vertex Logística,572.37,286.19,858.56,0.0
80362368937,12960.0,Helena Pacheco Ferreira,489.89,Vertex Logística,609.89,304.95,914.84,-120.0
35034302969,6600.0,Henrique Fonseca Gomes,506.88,Vertex Logística,506.88,253.44,760.32,0.0
21330705327,12510.0,Igor Rocha Jardim,779.38,Vertex Logística,779.38,389.69,1169.07,0.0
43851123042,3310.0,Isabela Barbosa Xavier,260.5,Vertex Logística,260.5,130.25,390.75,0.0
47293918372,9700.0,Isabela Oliveira Fonseca,792.49,Vertex Logística,792.49,396.25,1188.74,0.0
38480507063,12820.0,Isabela Vieira Fonseca,853.82,Vertex Logística,853.82,426.91,1280.73,0.0
81787356019,13170.0,Joao Lima Correia,608.46,Vertex Logística,608.46,304.23,912.69,0.0
48509881723,14710.0,Joao Vieira Fonseca,778.16,Vertex Logística,778.16,389.08,1167.24,0.0
17170239671,4860.0,Juliana Esteves Duarte,295.98,Vertex Logística,295.98,147.99,443.97,0.0
81737417430,13940.0,Karina Vieira Klein,968.83,Vertex Logística,968.83,484.42,1453.25,0.0
10055891438,6000.0,Karina Xavier Xavier,206.4,,,,,
93368501992,7430.0,Kleber Machado Vieira,478.5,Vertex Logística,478.5,239.25,717.75,0.0
19890268426,3690.0,Larissa Duarte Gomes,205.91,Vertex Logística,205.91,102.96,308.87,0.0
11685614698,7540.0,Larissa Duarte Vieira,633.36,Vertex Logística,633.36,316.68,950.04,0.0
21452086150,3460.0,Larissa Xavier Ibrahim,142.56,Vertex Logística,142.56,71.28,213.84,0.0
19024240425,10100.0,Lucas Machado Cardoso,530.25,Vertex Logística,530.25,265.13,795.38,0.0
59658943926,5350.0,Marcelo Moreira Barbosa,350.96,Vertex Logística,350.96,175.48,526.44,0.0
61945868341,13490.0,Mariana Duarte Rocha,613.8,Vertex Logística,613.8,306.9,920.7,0.0
31340876426,8630.0,Mariana Vieira Klein,320.18,Vertex Logística,320.18,160.09,480.27,0.0
13927996432,6310.0,Nathan Nogueira Duarte,543.93,Vertex Logística,543.93,271.97,815.9,0.0
66401372168,13710.0,Nathan Pacheco Xavier,1100.92,Vertex Logística,1100.92,550.46,1651.38,0.0
72710485613,3260.0,Nicole Queiroz Machado,130.4,Vertex Logística,130.4,65.2,195.6,0.0
22724828054,5470.0,Otavio Correia Ibrahim,307.42,,,,,
56352934846,15430.0,Otavio Teixeira Duarte,819.34,Vertex Logística,819.34,409.67,1229.01,0.0
91992558981,11130.0,Patricia Gomes Lima,819.17,Vertex Logística,1129.17,564.59,1693.76,-310.0000000000001
46051244620,3990.0,Pedro Zanetti Almeida,217.46,Vertex Logística,217.46,108.73,326.19,0.0
82321976411,3120.0,Quezia Nogueira Oliveira,159.12,Vertex Logística,159.12,79.56,238.68,0.0
96365951353,4060.0,Quezia Teixeira Xavier,216.0,Vertex Logística,216.0,108.0,324.0,0.0
76496460680,12750.0,Rafael Rocha Nogueira,905.25,Vertex Logística,905.25,452.63,1357.88,0.0
11024940896,3120.0,Renato Oliveira Pacheco,179.4,Vertex Logística,179.4,89.7,269.1,0.0
19040929939,4870.0,Simone Barbosa Ribeiro,405.68,Vertex Logística,405.68,202.84,608.52,0.0
53752881330,13890.0,Simone Henriques Xavier,641.72,Vertex Logística,821.72,410.86,1232.58,-180.0
74155569507,14020.0,Sofia Henriques Cardoso,429.02,Vertex Logística,429.02,214.51,643.53,0.0
18930832849,7900.0,Sofia Ibrahim Pacheco,699.15,Vertex Logística,699.15,349.58,1048.73,0.0
56141241107,13340.0,Tatiana Barbosa Gomes,425.55,Vertex Logística,425.55,212.78,638.33,0.0
89532731296,7040.0,Ulisses Fonseca Oliveira,446.34,Vertex Logística,446.34,223.17,669.51,0.0
33025886072,8030.0,Ursula Gomes Fonseca,324.42,Vertex Logística,324.42,162.21,486.63,0.0
64917211085,5400.0,Vanessa Queiroz Gomes,390.96,Vertex Logística,390.96,195.48,586.44,0.0
46007759962,13330.0,Vanessa Santos Duarte,687.83,,,,,
98993036829,16730.0,Vanessa Zanetti Esteves,1423.73,Vertex Logística,1423.73,711.87,2135.6,0.0
25125812412,9480.0,Vitor Queiroz Duarte,650.33,Vertex Logística,650.33,325.17,975.5,0.0
96169505761,7840.0,Vitor Teixeira Pacheco,518.23,Vertex Logística,518.23,259.12,777.35,0.0
26917628743,16460.0,Willian Xavier Henriques,992.54,Vertex Logística,992.54,496.27,1488.81,0.0
