cpf,nome,empresa,salario,data_admissao,data_desligamento,status,contribuicao_colaborador,contrapartida_bruta,teto_contrapartida,contrapartida_final
69913613485,Ana Santos Zanetti,Sopro Alimentos,8290.0,2018-05-06,,admitido,247.88,247.88,331.6,247.88
69604568604,Bruno Zanetti Xavier,Sopro Alimentos,7790.0,2020-01-28,,admitido,145.68,145.68,311.6,145.68
59143337686,Camila Vieira Rocha,Sopro Alimentos,3100.0,2022-04-21,,admitido,91.76,91.76,124.0,91.76
31237190576,Eduarda Xavier Gomes,Sopro Alimentos,11380.0,2024-10-13,,admitido,383.51,383.51,455.2,383.51
77011025235,Emerson Fonseca Moreira,Sopro Alimentos,8080.0,2019-12-08,,admitido,225.44,225.44,323.2,225.44
99814053104,Emerson Henriques Pacheco,Sopro Alimentos,10420.0,2026-06-08,,admitido,319.9,319.9,416.8,319.9
82465523686,Emerson Oliveira Vieira,Sopro Alimentos,6690.0,2026-05-09,,admitido,166.59,166.59,267.6,166.59
37520506401,Fabiana Gomes Moreira,Sopro Alimentos,10690.0,2022-06-27,,admitido,312.15,312.15,427.6,312.15
62087750351,Fabiana Moreira Rocha,Sopro Alimentos,13960.0,2024-03-17,,admitido,230.34,230.34,558.4,230.34
81843524848,Felipe Cardoso Klein,Sopro Alimentos,12620.0,2024-04-03,,admitido,189.3,189.3,504.8,189.3
10458666106,Gabriela Cardoso Santos,Sopro Alimentos,5070.0,2026-06-01,,admitido,181.51,181.51,202.8,181.51
29327299779,Gustavo Almeida Pacheco,Sopro Alimentos,7220.0,2018-12-20,,admitido,244.76,244.76,288.8,244.76
85601302928,Gustavo Gomes Zanetti,Sopro Alimentos,6690.0,2019-10-10,,admitido,144.51,144.51,267.6,144.51
72883367949,Helena Xavier Lima,Sopro Alimentos,8700.0,2023-10-15,,admitido,214.89,214.89,348.0,214.89
39886322608,Henrique Gomes Teixeira,Sopro Alimentos,12420.0,2025-04-26,,admitido,352.73,352.73,496.8,352.73
63842767714,Henrique Henriques Jardim,Sopro Alimentos,11510.0,2023-07-13,,admitido,306.17,306.17,460.4,306.17
88116658417,Henrique Ibrahim Teixeira,Sopro Alimentos,10620.0,2024-08-20,,admitido,396.13,396.13,424.8,396.13
37890873271,Isabela Henriques Jardim,Sopro Alimentos,2780.0,2026-02-04,,admitido,51.99,51.99,111.2,51.99
72257248600,Isabela Klein Pacheco,Sopro Alimentos,9770.0,2022-11-16,,admitido,334.14,334.14,390.8,334.14
39655313522,Joao Nogueira Oliveira,Sopro Alimentos,5470.0,2018-09-11,,admitido,112.14,112.14,218.8,112.14
58936101056,Karina Esteves Henriques,Sopro Alimentos,6450.0,2021-12-08,,admitido,121.91,121.91,258.0,121.91
30039731260,Karina Gomes Jardim,Sopro Alimentos,8730.0,2024-06-13,,admitido,237.46,237.46,349.2,237.46
69448889631,Karina Klein Teixeira,Sopro Alimentos,9530.0,2020-03-18,,admitido,316.4,316.4,381.2,316.4
9486660212,Karina Ribeiro Bastos,Sopro Alimentos,7810.0,2022-01-14,,admitido,293.66,293.66,312.4,293.67
93128261903,Karina Rocha Bastos,Sopro Alimentos,10050.0,2018-05-07,,admitido,334.67,334.67,402.0,334.67
32322707198,Marcelo Ibrahim Machado,Sopro Alimentos,7040.0,2023-03-19,,admitido,220.36,220.36,281.6,220.36
69754253021,Mariana Cardoso Esteves,Sopro Alimentos,7250.0,2018-08-02,,admitido,210.25,210.25,290.0,210.25
14659947858,Mariana Gomes Nogueira,Sopro Alimentos,8870.0,2018-02-14,,admitido,236.83,236.83,354.8,236.83
66848926213,Mariana Oliveira Oliveira,Sopro Alimentos,7690.0,2024-05-24,,admitido,244.55,244.55,307.6,244.55
60503987638,Nathan Correia Gomes,Sopro Alimentos,5760.0,2023-03-13,,admitido,184.9,184.9,230.4,184.9
87563124314,Pedro Henriques Santos,Sopro Alimentos,13310.0,2026-06-18,,admitido,358.04,358.04,532.4,358.04
40099198924,Rafael Cardoso Klein,Sopro Alimentos,8580.0,2018-01-17,,admitido,281.43,281.43,343.2,281.43
34011842532,Rafael Queiroz Bastos,Sopro Alimentos,13510.0,2023-05-28,,admitido,298.58,298.58,540.4,298.58
41926692349,Rafael Zanetti Vieira,Sopro Alimentos,9850.0,2020-07-13,,admitido,339.83,339.83,394.0,339.83
37460188549,Simone Bastos Santos,Sopro Alimentos,10110.0,2023-05-09,,admitido,354.87,354.87,404.4,354.87
11397026456,Sofia Esteves Oliveira,Sopro Alimentos,4200.0,2025-01-05,,admitido,146.16,146.16,168.0,146.16
34725931802,Ulisses Pacheco Jardim,Sopro Alimentos,8540.0,2020-04-26,,admitido,289.51,289.51,341.6,289.51
87405747680,Ursula Ferreira Queiroz,Sopro Alimentos,6210.0,2018-10-03,,admitido,231.02,231.02,248.4,231.02
11333654693,Vitor Machado Cardoso,Sopro Alimentos,4910.0,2023-02-19,,admitido,134.05,134.05,196.4,134.06
18248332101,Willian Ibrahim Ferreira,Sopro Alimentos,5090.0,2025-04-18,,admitido,90.1,90.1,203.6,90.1
