empresa,cpf,contribuicao_colaborador,contrapartida_empresa,total_linha
Aurora Clínicas,17179666831,507.80,203.12,710.92
Aurora Clínicas,40767206363,1017.29,406.92,1424.21
Aurora Clínicas,71328020207,898.64,359.46,1258.10
Aurora Clínicas,33531338609,716.02,286.41,1002.43
Aurora Clínicas,97330735477,1119.25,447.70,1566.95
Aurora Clínicas,26535501809,653.30,261.32,914.62
Aurora Clínicas,78452720190,658.69,263.48,922.17
Aurora Clínicas,48835268796,417.69,167.08,584.77
Aurora Clínicas,86457095461,257.29,102.92,360.21
Aurora Clínicas,23533086518,921.06,368.43,1289.49
Aurora Clínicas,31465554416,545.66,218.27,763.93
Aurora Clínicas,21199446360,800.42,320.17,1120.59
Aurora Clínicas,20468582045,897.52,359.01,1256.53
Aurora Clínicas,26686384887,769.99,308.00,1077.99
Aurora Clínicas,66391599106,590.61,236.25,826.86
Aurora Clínicas,27309892186,417.88,167.16,585.04
Aurora Clínicas,74563414514,290.50,116.20,406.70
Aurora Clínicas,45484278724,646.49,258.60,905.09
Aurora Clínicas,84592699068,791.83,316.74,1108.57
Aurora Clínicas,64689486654,1099.49,439.80,1539.29
Aurora Clínicas,71817549634,1312.00,410.00,1722.00
Aurora Clínicas,98922506563,453.84,181.54,635.38
Aurora Clínicas,67089625192,934.70,373.88,1308.58
Aurora Clínicas,48718778410,449.26,179.71,628.97
Aurora Clínicas,37359493390,225.90,90.36,316.26
Aurora Clínicas,11786590549,932.85,373.14,1305.99
Aurora Clínicas,49093777270,289.75,115.90,405.65
Aurora Clínicas,43083701160,458.40,183.36,641.76
Aurora Clínicas,64411419068,1441.50,480.50,1922.00
Aurora Clínicas,55166153723,631.20,252.48,883.68
Aurora Clínicas,54750993590,341.96,136.79,478.75
Aurora Clínicas,92267693542,225.10,90.04,315.14
Aurora Clínicas,39192691102,1522.50,525.00,2047.50
Aurora Clínicas,62319819169,715.50,286.20,1001.70
Aurora Clínicas,30508089344,768.86,307.55,1076.41
Sopro Alimentos,39886322608,352.73,352.73,705.46
Sopro Alimentos,87563124314,358.04,358.04,716.08
Sopro Alimentos,88116658417,396.13,396.13,792.26
Sopro Alimentos,32322707198,220.36,220.36,440.72
Sopro Alimentos,31237190576,383.51,383.51,767.02
Sopro Alimentos,40099198924,281.43,281.43,562.86
Sopro Alimentos,41926692349,339.83,339.83,679.66
Sopro Alimentos,18248332101,90.10,90.10,180.20
Sopro Alimentos,37520506401,312.15,312.15,624.30
Sopro Alimentos,59143337686,91.76,91.76,183.52
Sopro Alimentos,99814053104,319.90,319.90,639.80
Sopro Alimentos,72883367949,214.89,214.89,429.78
Sopro Alimentos,81843524848,189.30,189.30,378.60
Sopro Alimentos,29327299779,244.76,244.76,489.52
Sopro Alimentos,87405747680,231.02,231.02,462.04
Sopro Alimentos,37890873271,51.99,51.99,103.98
Sopro Alimentos,69754253021,210.25,210.25,420.50
Sopro Alimentos,770.110.252-35,225.44,225.44,450.88
Sopro Alimentos,58936101056,121.91,121.91,243.82
Sopro Alimentos,69913613485,247.88,247.88,495.76
Sopro Alimentos,85601302928,144.51,144.51,289.02
Sopro Alimentos,30039731260,237.46,237.46,474.92
Sopro Alimentos,82465523686,166.59,166.59,333.18
Sopro Alimentos,69604568604,145.68,145.68,291.36
Sopro Alimentos,11397026456,146.16,146.16,292.32
Sopro Alimentos,63842767714,306.17,306.17,612.34
Sopro Alimentos,34725931802,289.51,289.51,579.02
Sopro Alimentos,60503987638,184.90,184.90,369.80
Sopro Alimentos,62087750351,230.34,230.34,460.68
Sopro Alimentos,34011842532,298.58,298.58,597.16
Sopro Alimentos,66848926213,244.55,244.55,489.10
Sopro Alimentos,77011025235,225.44,225.44,450.88
Sopro Alimentos,10458666106,181.51,181.51,363.02
Sopro Alimentos,9486660212,293.66,293.66,587.32
Sopro Alimentos,39655313522,112.14,112.14,224.28
Sopro Alimentos,09486660212,293.66,293.66,587.32
Sopro Alimentos,37460188549,354.87,354.87,709.74
Sopro Alimentos,11333654693,134.05,134.05,268.10
Sopro Alimentos,72257248600,334.14,334.14,668.28
Sopro Alimentos,93128261903,334.67,334.67,669.34
Sopro Alimentos,69448889631,316.40,316.40,632.80
Sopro Alimentos,14659947858,236.83,236.83,473.66
Vertex Logística,77382795675,214.18,107.09,321.27
Vertex Logística,34264099250,1051.38,525.69,1577.07
Vertex Logística,73278641728,1002.78,501.39,1504.17
Vertex Logística,47293918372,792.49,396.25,1188.74
Vertex Logística,94393545850,144.54,72.27,216.81
Vertex Logística,25125812412,650.33,325.17,975.50
Vertex Logística,21330705327,779.38,389.69,1169.07
Vertex Logística,11024940896,179.40,89.70,269.10
Vertex Logística,48509881723,778.16,389.08,1167.24
Vertex Logística,35034302969,506.88,253.44,760.32
Vertex Logística,31340876426,320.18,160.09,480.27
Vertex Logística,19024240425,530.25,265.13,795.38
Vertex Logística,17170239671,295.98,147.99,443.97
Vertex Logística,96169505761,518.23,259.12,777.35
Vertex Logística,98993036829,1423.73,711.87,2135.60
Vertex Logística,26917628743,992.54,496.27,1488.81
Vertex Logística,80362368937,609.89,304.95,914.84
Vertex Logística,64917211085,390.96,195.48,586.44
Vertex Logística,81787356019,608.46,304.23,912.69
Vertex Logística,19040929939,405.68,202.84,608.52
Vertex Logística,52233099605,432.30,216.15,648.45
Vertex Logística,71344962440,1250.67,625.34,1876.01
Vertex Logística,56352934846,819.34,409.67,1229.01
Vertex Logística,11722242779,859.28,429.64,1288.92
Vertex Logística,97129619589,327.18,163.59,490.77
Vertex Logística,66401372168,1100.92,550.46,1651.38
Vertex Logística,96365951353,216.00,108.00,324.00
Vertex Logística,94409105507,559.98,279.99,839.97
Vertex Logística,74155569507,429.02,214.51,643.53
Vertex Logística,53752881330,821.72,410.86,1232.58
Vertex Logística,46051244620,217.46,108.73,326.19
Vertex Logística,93368501992,478.50,239.25,717.75
Vertex Logística,18930832849,699.15,349.58,1048.73
Vertex Logística,59658943926,350.96,175.48,526.44
Vertex Logística,72710485613,130.40,65.20,195.60
Vertex Logística,81737417430,968.83,484.42,1453.25
Vertex Logística,33025886072,324.42,162.21,486.63
Vertex Logística,38480507063,853.82,426.91,1280.73
Vertex Logística,19890268426,205.91,102.96,308.87
Vertex Logística,13927996432,543.93,271.97,815.90
Vertex Logística,21452086150,142.56,71.28,213.84
Vertex Logística,28967789262,690.49,345.25,1035.74
Vertex Logística,89532731296,446.34,223.17,669.51
Vertex Logística,43851123042,260.50,130.25,390.75
Vertex Logística,86725471951,201.37,100.69,302.06
Vertex Logística,75136133708,572.37,286.19,858.56
Vertex Logística,61945868341,613.80,306.90,920.70
Vertex Logística,76496460680,905.25,452.63,1357.88
Vertex Logística,91992558981,1129.17,564.59,1693.76
Vertex Logística,56141241107,425.55,212.78,638.33
Vertex Logística,96180192766,236.08,118.04,354.12
Vertex Logística,82321976411,159.12,79.56,238.68
Vertex Logística,59579724792,813.70,406.85,1220.55
Vertex Logística,11685614698,633.36,316.68,950.04
Vertex Logística,93754145584,480.81,240.41,721.22
Vertex Logística,14235297902,391.68,183.60,575.28
Vertex Logística,46890681355,622.98,311.49,934.47
